row,key_2026,name_2026,V03,method,note,status
0,05063WAR001,Warden,VS-WAR001,key+name,,keep
1,01017HOT001,HOTTENTOTS-HOLLAND,WK-HOT001,key+name,,keep
2,02033NAH001,Nahoon,OK-NAH001,key+name,,keep
3,02036DES003,DESPATCH-NOORD,OK-DES003,key+name,,keep
4,05063FRA002,Frankfort,VS-FRA002,key+name,,keep
5,01025SIM003,Simonstad,WK-SIM003,key+name,,keep
6,05061PET001,Petrusburg,VS-PET001,name-exact,,keep
7,01011MOS002,MOSSELBAAI-SUID,WK-MOS002,key+name,,keep
8,05059HEU002,Heuwelsig,VS-HEU002,key-only,,keep
9,05057BET007,BETHLEHEM-EUREKA,VS-BET007,key+name,,keep
10,04135WIN007,Winterton,KZ-WIN007,key+name,,keep
11,06076KLD004,NG Gemeente Klerksdorp-Goudkop,GL-KLE004,name-exact,,keep
12,08107BIR001,BIRCHLEIGH,HS-BIR001,key+name,,keep
13,01014DRA002,NG Drakenstein Paarl,WK-DRA002,key+name,,keep
14,05068VAA001,VAALPARK (SASOLBURG),VS-VAA001,key+name,,keep
15,05069BOT004,NG Gemeente Bothaville Noord,VS-BOT004,key+name,,keep
16,01013KAN001,KANGOVALLEIE,WK-KAN001,key+name,,keep
17,04135DUN001,NG Biggarsbergvallei,KZ-DUN001,key-only,,keep
18,06077RAN008,Rant en Dal Prisma,GL-RAN008,key+name,,keep
19,01001LEE003,LEEU-GAMKA,WK-LEE003,key+name,,keep
20,09122MAC001,MACHADO-BOVEN,OS-MAC001,key+name,,keep
21,07101KAM003,Familiekerk NG Kameeldrif,NS-KAM003,key-only,,keep
22,01923lyt001,Lyttelton,OS-LYT001,key+name,,keep
23,01019WEL007,WELLINGTON,WK-WEL007,key+name,,keep
24,NS_BRI001,NG KERK BRITS,NS-BRI001,name-exact,,keep
25,04136VRY006,Vryheid Suid-Oos,KZ-VRY006,key+name,,keep
26,05057BET010,BETHLEHEM-OOS,VS-BET010,key+name,,keep
27,SPR004,NG GEMEENTE SPRINGS NOORD,HS-SPR004,key+name,,keep
28,05069EDE004,EDENVILLE,VS-EDE004,key+name,,keep
29,06072MIG001,Migdol,GL-MIG001,key+name,,keep
30,09128WIT004,NG Kerk Witbank-Suid,OS-WIT004,key+name,,keep
31,01020ROB002,NG Kerk Robertson-Oos,WK-ROB002,key+name,,keep
32,02030ELLIOT,Elliot,OK-ELL001,name-exact,,keep
33,02027NEW008,Newtonpark,OK-NEW008,key+name,,keep
34,03044DUT003,DUTOITSPAN,NK-DUT003,key+name,,keep
35,05057ARL001,Arlington,VS-ARL001,key+name,,keep
36,08105SUN002,Sunwardpark,HS-SUN002,key+name,,keep
37,02031MUR002,MURRAYSBURG,OK-MUR002,key+name,,keep
38,02036BOT002,BOTHASRUS,OK-BOT002,key+name,,keep
39,01023VRE005,VREDENBURG-AKKERDYK,WK-VRE005,key+name,,keep
40,09121TZA001,TZANEEN,OS-TZA001,key+name,,keep
41,03048WAR005,Warrenton,NK-WAR005,key+name,,keep
42,03044KIM010,KIMBERLEY-WES,NK-KIM010,key+name,,keep
43,06076ELA001,Elandia,GL-ELA001,override,,keep
44,03043MAR002,NG Kerk Marchand,NK-MAR002,key+name,,keep
45,03045MAF001,MAFIKENG,NK-MAF001,key+name,,keep
46,07100ALB007,Albertyn,NS-ALB007,key+name,,keep
47,08107BIR002,BIRCHLEIGH NOORD,HS-BIR002,key+name,,keep
48,01011DAN001,NEDERDUITSE GEREFORMEERDE KERK DANABAAI,WK-DAN001,key+name,,keep
49,08110EDE002,NG Gemeente Edenvale,HS-EDE002,key+name,,keep
50,07088DAL002,NG Dalunie,NS-DAL002,key+name,,keep
51,01008BLO009,BLOUBERGSTRAND,WK-BLO009,key+name,,superseded
52,02035POR007,NG PE-Nooitgedacht,OK-POR007,override,,keep
53,04135DAN005,DANSKRAAL,KZ-DAN005,key+name,,keep
54,07089BLO008,BLOUBERG,NS-BLO008,key+name,,keep
55,05059AAN001,aandbloem,VS-AAN001,key-only,,keep
56,03042PR1001,NG GEMEENTE PRIESKA,NK-PRI001,name-exact,,keep
57,01005GRA002,GRAAFWATER,WK-GRA002,key+name,,keep
58,08114FAI001,Fairland NG Gemeente,HS-FAI001,key-only,,keep
59,08111SUI011,Suikerbosrand,HS-SUI011,key+name,,keep
60,6073KLI004,KLIPVALLEI,GL-KLI004,key+name,,keep
61,09119MOR003,Morgenzon,OS-MOR003,key+name,,keep
62,05060BUL002,BULTFONTEIN MOEDERGEMEENTE,VS-BUL002,key-only,,keep
63,06072GSA001,Glaudina,GL-GLA001,name-exact,,keep
64,07101MON003,MONTANA,NS-MON003,key+name,,keep
65,01006PAR001,Parke-gemeente,WK-PAR001,key+name,,keep
66,01005VAN011,NG Kerk Vanrhynsdorp,WK-VAN011,key+name,,keep
67,03038VOS001,VOSBURG,NK-VOS001,key+name,,keep
68,01004CAL001,Caledon,WK-CAL001,key+name,,keep
69,01013OUD006,Oudtshoorn-Welgeluk,WK-OUD006,key+name,,keep
70,04135NEW002,Bergsig Newcastle,KZ-NEW002,key-only,,keep
71,05061JAC001,Jacobsdal,VS-JAC001,key+name,,keep
72,05058BLO02,Bloemfontein-Noord (Klipkerk),VS-BLO002,key+name,,keep
73,02036DES001,DESPATCH-DAGBREEK,OK-DES001,key+name,,keep
74,HS 08106 BR,BRAKPAN-OOS,HS-BRA008,name-exact,,keep
75,02033CAM001,CAMBRIDGE,OK-CAM001,key+name,,keep
76,06084DRI001,NG KERK DRIE RIVIERE,GL-DRI001,key+name,,keep
77,07097PIE002,NGK Pierneefrant,NS-PIE002,key+name,,keep
78,09128WIT003,Witbank Panorama,OS-WIT003,key+name,,keep
79,02033nah001,NAHOON,OK-NAH001,key+name,,superseded
80,01022VAS001,Vasco,WK-VAS001,key+name,,keep
81,01020BUF001,BUFFELJAGSRIVIER,WK-BUF001,key+name,,keep
82,06074DEL003,DELAREYVILLE-OOS,GL-DEL003,key+name,,keep
83,08102BRA001,BRACKENDAL,HS-BRA001,key+name,,keep
84,05070LAN003,LANGENHOVENPARK (BLOEMFONTEIN),VS-LAN003,key+name,,keep
85,01004HER003,HERMANUS,WK-HER003,key+name,,keep
86,07087QUA001,QUEENSWOOD,NS-QUA001,override,,keep
87,01007BLA001,Blanco,WK-BLA001,key+name,,keep
88,05070UNI005,Universitas-Wes Bloemfontein,VS-UNI005,key+name,,keep
89,05059BLO004,BLOEMHEUWEL(BLOEMFONTEIN),VS-BLO004,key-only,,keep
90,05071STH00,"NG Kerk St Helena 50 Othello weg St Helena,  Welkom",VS-STH001,override,,keep
91,01016HEI003,HEIDELBERG WES KAAP,WK-HEI003,key-only,,keep
92,02030iND001,Indwe,OK-IND001,key+name,,keep
93,07091LIM002,LIMPOPO,NS-LIM002,key+name,,keep
94,01025ZWA001,ZWAANSWYK,WK-ZWA001,key+name,,keep
95,05069KRO003,KROONHEUWEL-NOORD (KROONSTAD),VS-KRO003,key+name,,keep
96,09121GRA007,GRAVELOTTE,OS-GRA007,key+name,,keep
97,01025VIS001,VISHOEK,WK-VIS001,key+name,,keep
98,05068PAR020,PARYS-WES,VS-PAR020,key+name,,keep
99,06076KLE010,KLERKSDORP - WILKRUIN,GL-KLE010,key+name,,keep
100,06072LEE002,NG KERK Leeudoringstad,GL-LEE002,key+name,,keep
101,01001VIC,VICTORIA-WES,WK-VIC001,name-exact,,keep
102,05065MAR009,NG Kerk Marquard,VS-MAR009,key+name,,keep
103,02036RET001,Retief,OK-RET001,key-only,,keep
104,09122BUR002,Burgersfort,OS-BUR002,key+name,,keep
105,02031RIE007,RIETBRON,OK-RIE007,key+name,,keep
106,05069KRO005,Kroonstad,VS-KRO005,key+name,,keep
107,NS-CHI001,ChinhoyiKaroi,NS-CHI001,key+name,,keep
108,01021PRI005,Prince Alfred's Hamlet,WK-PRI005,key+name,,keep
109,09127PIE005,NG KERK PIET RETIEF,OS-PIE005,key+name,,keep
110,02028MOL001,Molteno,OK-MOL001,key+name,,keep
111,05069KRO008,KROONSTAD OOS,VS-KRO008,key+name,,keep
112,05060DEN002,DENEYSVILLE,VS-DEN002,key+name,,keep
113,02034ANC001,Anchor of Hope,OK-ANC001,key+name,,keep
114,07100WAT001,WATERBERG,NS-WAT001,key+name,,keep
115,030390LI002,N G KERK OLIFANTHOEK,NK-OLI002,name-fuzzy,,keep
116,05070UNI003,Geloofsentrum Universitas,VS-UNI003,key-only,,keep
117,01009GEO003,GEORGE-DENNEOORD,WK-GEO003,key+name,,keep
118,06083VAN0,COLLAGE,GL-VAN007,override,,keep
119,09117BAR001,NG Gemeente Barberton,OS-BAR001,key+name,,keep
120,07089LOU001,LOUISTRICHARDT,NS-LOU001,key-only,,keep
121,06083KOL001,KOLLEGEPARK,GL-KOL001,key+name,,keep
122,01002BEL003,BELLVILLE-NOORD,WK-BEL003,key+name,,keep
123,04135LAD005,Ladysmith,KZ-LAD005,key+name,,keep
124,05064kop001,Koppies,VS-KOP001,key+name,,keep
125,08106BRA010,BRAKPAN - WES,HS-BRA010,key+name,,keep
126,01003BRA004,BRACKENFELL-WES,WK-BRA004,key+name,,keep
127,09119CHR001,NG CHRISSIESMEER,OS-CHR001,key+name,,keep
128,08105VAN010,NG Kerk Van Dyk Park,HS-VAN010,key+name,,keep
129,01004STA005,STANFORD,WK-STA005,key+name,,keep
130,08109Sec003,Secunda-Oos,HS-SEC003,key+name,,keep
131,09127AMS001,Amsterdam,OS-AMS001,key+name,,keep
132,05071DAG001,Dagbreek,VS-DAG001,key+name,,keep
133,07094OND002,NG Kerk Onderstepoort,NS-OND002,key+name,,keep
134,01007GEO005,GEORGE-TUINEDAL,WK-GEO005,key+name,,keep
135,01007GEO004,GEORGE-SUID,WK-GEO004,key+name,,keep
136,06076KLE002,Klerksdorp-Doringkruin,GL-KLE002,key+name,,keep
137,03047UPI001,Upington,NK-UPI001,key+name,,keep
138,09128BLI001,BLINKPAN,OS-BLI001,key+name,,keep
139,03038BRA013,Brandvlei,NK-BRA013,key+name,,keep
140,01005CAL004,CALVINIA,WK-CAL004,key+name,,keep
141,07097CA002,Capital Park Concordia,NS-CAP002,name-exact,,keep
142,02026PAT001,PATERSON,OK-PAT001,key+name,,keep
143,07086B001,BOOYSEN,NS-BOO001,name-exact,,keep
144,08112BRI001,BRIXTONKERK,HS-BRI001,name-fuzzy,,keep
145,09126SKU001,Skuilkrans,OS-SKU001,key+name,,keep
146,03044KIM005,KIMBERLEY-HARMONIE,NK-KIM005,key+name,,keep
147,07098WIE002,KERK-IN-SUID (WIERDAPARK-SUID),NS-WIE002,key+name,,keep
148,05063KER002,NG Kerkenber,VS-KER002,key-only,,keep
149,06083DR1004,Driehoek,GL-DRI004,name-exact,,keep
150,03044KIM009,Kimberley-Vooruitsig,NK-KIM009,key+name,,keep
151,09128WIT002,BASILEIA,OS-WIT002,key-only,,keep
152,07100WAR002,WARMBAD,NS-WAR002,key+name,,keep
153,03040PLO001,PLOOYSBURG,NK-PLO001,key+name,,keep
154,02037UIT002,UITENHAGE-DE MIST,OK-UIT002,key+name,,keep
155,01015HOP001,HOPEFIELD,WK-HOP001,key+name,,keep
156,08102ALB003,Alberton-Noord,HS-ALB003,key-only,,keep
157,01025CON001,CONSTANTIA,WK-CON001,key+name,,keep
158,07087MOR001,NGK Môregloed,NS-MOR001,key+name,,keep
159,01004SUI009,Suidpunt,WK-SUI009,key+name,,keep
160,03040GRI001,GRIEKWASTAD,NK-GRI001,key+name,,keep
161,08102ALB006,NGK Alberton-Wes,HS-ALB006,key+name,,keep
162,02027POR006,PORT ELIZABETH-LORRAINE,OK-POR006,key+name,,keep
163,01024MUR001,MURRAY,WK-MUR001,key+name,,keep
164,08106BRA006,Brakpan,HS-BRA006,key+name,,keep
165,05066WEP001,WEPENER,VS-WEP001,key+name,,keep
166,06068DEA004,Dealesville,VS-DEA004,key+name,,keep
167,06085MAL002,MALOPO,GL-MAL002,key+name,,keep
168,04134PIN002,Pinetown,KZ-PIN002,key+name,,keep
169,06078COL002,COLIGNY,GL-COL002,key+name,,keep
170,01013CAL003,CALITZDORP,WK-CAL003,key+name,,keep
171,04135NEW001,NEWCASTLE,KZ-NEW001,key-only,,keep
172,06078SED001,Sederpark,GL-SED001,override,,keep
173,03038WIL004,Williston,NK-WIL004,key+name,,keep
174,02029TAR001,Ned Geref Kerk Tarkastad,OK-TAR001,key-only,,keep
175,06078LIC002,Lichtenburg-Oos,GL-LIC002,key+name,,keep
176,07098VAL001,Valhalla,NS-VAL001,key+name,,keep
177,06077MAG001,Magaliesburg,GL-MAG001,key+name,,keep
178,04136EMP001,EMPANGENI,KZ-EMP001,key+name,,keep
179,07099UNI006,UNIVERSITEITSOORD,NS-UNI006,key+name,,keep
180,09123LYT002,NG KERK LYTTELTON-NOORD,OS-LYT002,key+name,,keep
181,06080POT001,POTCHEFSTROOM,GL-POT001,key+name,,keep
182,02037UIT005,UITENHAGE - WINTERHOEK,OK-UIT005,key+name,,keep
183,02026DIA002,DIAS,OK-DIA002,key+name,,keep
184,03041VAN008,"NG Kerk, Vanderkloof",NK-VAN008,key+name,,keep
185,V01,NG KLERKSDORP-SUID,GL-KLE008,name-exact,,keep
186,07091DWA001,DWAALBOOM,NS-DWA001,key+name,,keep
187,01013OUD007,OUDTSHOORN-WES,WK-OUD007,key+name,,keep
188,07100SPR001,Springbokvlakte,NS-SPR001,key+name,,superseded
189,06084UNI002,UNITASPARK,GL-UNI002,key+name,,keep
190,08103BEN002,BENONI-BENJAMIN,HS-BEN002,key+name,,keep
191,02032HUM001,HUMANSDORP,OK-HUM001,key+name,,keep
192,01016ALB002,ALBERTINIA,WK-ALB002,key+name,,keep
193,05064PET002,PETRUS STEYN,VS-PET002,name-exact,,keep
194,07088VOR001,vorentoe,NS-VOR001,key+name,,keep
195,02032KAR004,Kareedouw,OK-KAR004,key+name,,keep
196,06084LUX001,Lux Deo NG Kerk,GL-LUX001,override,,keep
197,02030DOR001,DORDRECHT,OK-DOR001,key+name,,keep
198,05062ODE002,Ng Moedergemeente Odendaalsrus,VS-ODE002,key-only,,keep
199,09119CAR004,CAROLINA,OS-CAR004,key+name,,keep
200,07094FLO001,NG Gemeente Florandia,NS-FLO001,key+name,,keep
201,05058HUG001,HUGENOOT (BLOEMFONTEIN),VS-HUG001,key+name,,keep
202,09123OI001,OLIFANTSFONTEIN,OS-OLI001,name-exact,,keep
203,01003KUI002,KUILSRIVIER-DEEIKE,WK-KUI002,key+name,,keep
204,05058BER002,NG GEMEENTE BERG-EN-DAL,VS-BER002,key-only,,keep
205,05065STE010,STEYNSRUS,VS-STE010,key+name,,keep
206,05063TWE001,TWEELING,VS-TWE001,key+name,,keep
207,06083VAA002,VAALRIVIER,GL-VAA002,key+name,,keep
208,04135BER004,NG KERK BERGVILLE,KZ-BER004,key+name,,keep
209,03045MAR003,MAREETSANE,NK-MAR003,key+name,,keep
210,02037UIT004,UITENHAGE-OOS,OK-UIT004,key+name,,keep
211,01017SOM002,SOMERSET-WES,WK-SOM002,key+name,,keep
212,05060THE003,NG Kerk Theunissen-Wes,VS-THE003,key-only,,keep
213,01014PAA004,Paarlberg,WK-PAA004,key+name,,keep
214,02036DES004,NGK Despatcvh-Suid,OK-DES004,key+name,,keep
215,05066ZAS001,ZASTRON,VS-ZAS001,key+name,,keep
216,03039KUR001,KURUMAN,NK-KUR001,key+name,,keep
217,03039DEB001,DEBEN,NK-DEB001,name-exact,,keep
218,03041PH1001,PHILIPSTOWN,NK-PHI001,name-exact,,keep
219,07086PRE009,PRETORIA-TUINE,NS-PRE009,key+name,,keep
220,06078LIG001,NG Gemeente LIG en LEWE Lichtenburg,GL-LIG001,key-only,,keep
221,03038VAN015,VANWYKSVLEI,NK-VAN015,key+name,,keep
222,01004KLE001,KOGELBERG (KLEINMOND),WK-KLE001,key-only,,keep
223,09127PAA001,PAARDEKOP,OS-PAA001,key+name,,keep
224,03036KAL001,Kalahari,NK-KAL001,key+name,,keep
225,07099AND003,ANDREW MURRAY PRETORIA,NS-AND003,key+name,,keep
226,05059WOO001,WOODLAND HILLS  GEMEENSKAPSKERK (BFN),VS-WOO001,key-only,,keep
227,07101MAG003,Magalieskruin-Pretoria,NS-MAG003,key+name,,keep
228,03041DEA001,DEAAR,NK-DEA001,key+name,,keep
229,07087WAV001,NG Gemeente Waverley,NS-WAV001,key+name,,keep
230,03043KAK001,KAKAMAS,NK-KAK001,key+name,,keep
231,05067FIC001,Fichardtkruin,VS-FIC001,key-only,,keep
232,08108SUN001,SUNDRA,HS-SUN001,key+name,,keep
233,08114AAS001,AAN-DIE-BERG,HS-AAS001,key-only,,keep
234,01015PIK001,Piketberg,WK-PIK001,key+name,,keep
235,010195WA003,SWARTLAND,WK-SWA003,name-exact,,keep
236,08108PRE002,PRESIDENTSOORD,HS-PRE002,key+name,,keep
237,06074OTT003,NG Gemeente Ottosdal,GL-OTT003,override,,keep
238,03041DAE001,NG Kerk De Aar-Noord,NK-DEA002,name-exact,,keep
239,05062VIR004,Virginia-Wes,VS-VIR004,key+name,,keep
240,03044KIM003,Kimberley - Bakenskop,NK-KIM003,key+name,,keep
241,05068PAR019,PARYS-SUID,VS-PAR019,key+name,,keep
242,9117MAL001,NG Kerk Malelane,OS-MAL001,key+name,,keep
243,06083VAN004,VANDERBIJLPARK-SUID,GL-VAN004,key+name,,keep
244,02035POR012,NG Kerk PE Sonheuwels,OK-POR012,key-only,,keep
245,02029CRA002,CRADOCK NOORD,OK-CRA002,key+name,,keep
246,07097VIL004,Villieria,NS-VIL004,key+name,,keep
247,08112MEL003,Melville Kruis,HS-MEL003,key-only,,keep
248,01021WOL002,WOLSELEY,WK-WOL002,key+name,,keep
249,08103JIB001,NG Jubilaté,HS-JIB001,key+name,,keep
250,07086DAS001,DASPOORT,NS-DAS001,key+name,,keep
251,01022DET001,DETYGER,WK-DET001,key+name,,keep
252,01020SWE001,SWELLENDAM,WK-SWE001,key+name,,keep
253,01001RIC002,RICHMOND,WK-RIC002,key+name,,keep
254,07094PET001,NG Petronella,NS-PET001,name-exact,,keep
255,05057BET006,Bethlehem Efrata,VS-BET006,key+name,,keep
256,07097RIE010,RIETFONTEIN-SUID,NS-RIE010,key+name,,keep
257,06080POT005,POTCHEFSTROOM-MOOIRIVIER,GL-POT005,key+name,,keep
258,01022GOO001,GOODWOOD,WK-GOO001,key+name,,keep
259,09124RIE011,RIETKUIL,OS-RIE011,key+name,,keep
260,07100VAA003,NG Gemeente Vaalwater,NS-VAA003,key+name,,keep
261,09122LYD001,Lydenburg,OS-LYD001,key+name,,keep
262,01018STE006,Stellenbosch-Welgelegen,WK-STE006,key+name,,keep
263,07094HAA001,NG HAAKDOORN,NS-HAA001,key+name,,keep
264,06077KRU002,Krugersdorp-Oos,GL-KRU002,key+name,,keep
265,02027PAT002,NG Ker Patmos,OK-PAT002,key-only,,keep
266,06085SWA005,NG Kerk Swartruggens,GL-SWA005,key+name,,keep
267,07098ELD001,ELDORAIGNE FAMILIEKERK,NS-ELD001,key-only,,keep
268,02026ALB001,ALBANIE,OK-ALB001,key+name,,keep
269,09122lyd002,Lydenburg-Suid,OS-LYD002,key+name,,keep
270,09124MID003,NG Gemeente Middelburg-Kanonkop,OS-MID003,key+name,,keep
271,01006KRA002,Kraaifontein Noord,WK-KRA002,key+name,,keep
272,03046VRY002,NG VRYBURG - NOORD,NK-VRY002,key+name,,keep
273,05062ALL001,ALLANRIDGE,VS-ALL001,key+name,,keep
274,01003KUI004,KUILSRIVIER-SUID,WK-KUI004,key+name,,keep
275,05066SMI001,Smithfield,VS-SMI001,key+name,,keep
276,07091THA002,NG Thabazimbi,NS-THA002,key+name,,keep
277,06073MEYOO4,MEYERTON-OOS,GL-MEY004,name-exact,,keep
278,01005LAM001,Lambertsbaai,WK-LAM001,key+name,,keep
279,05000HAR003,NGK Harrismith,VS-HAR003,key+name,,keep
280,01004GAN001,Gansbaai,WK-GAN001,key+name,,keep
281,05058BRA011,BRANDFORT,VS-BRA011,key+name,,keep
282,09124GRO001,GROBLERSDAL,OS-GRO001,key+name,,keep
283,06080POT003,POTCHEFSTROOM-DIE BULT,GL-POT003,key+name,,keep
284,08103WEL001,Welbekend,HS-WEL001,key+name,,keep
285,02034POR001,PORTELIZABETH-HOOGLAND,OK-POR001,key+name,,keep
286,02037UIT001,UITENHAGE,OK-UIT001,key+name,,keep
287,06081RAN004,NG RANDFONTEIN-NOORD,GL-RAN004,key+name,,keep
288,08111GRE001,Greylingstad,HS-GRE001,key+name,,keep
289,05070WAT002,WATERBRON (BLOEMFONTEIN),VS-WAT002,key+name,,keep
290,05065EXC001,Excelsior,VS-EXC001,key+name,,keep
291,08102ALB004,ALBERTON-OOS,HS-ALB004,key+name,,keep
292,05065SEN002,SENEKAL - NOORD,VS-SEN002,key+name,,keep
293,01011GRO004,GROOT-BRAKRIVIER,WK-GRO004,key+name,,keep
294,02036SON001,Sondagsrivier (Kirkwood),OK-SON001,key+name,,keep
295,07100SPR001,NG Springbokvlakte,NS-SPR001,key+name,,keep
296,05068SAS00,SASOLBURG-VIER ANKERS,VS-SAS002,name-exact,,keep
297,05061TRO001,TROMPSBURG,VS-TRO001,key+name,,keep
298,VS-BLO003,NG Kerk Bloemfontein-Wes Gemeente,VS-BLO003,key-only,,keep
299,01024WOR007,Worcester-Vallei,WK-WOR007,key+name,,keep
300,01024SUT001,SUTHERLAND,WK-SUT001,key+name,,keep
301,07087ZAM001,Zambezi Christen Gemeente,NS-ZAM001,key+name,,keep
302,04134UMH001,UMHLANGA,KZ-UMH001,key+name,,keep
303,05067PEL001,NG Gemeente Pellissier,VS-PEL001,key-only,,keep
304,07096RUS003,RUSTENBURG-BERGSIG,NS-RUS003,key+name,,superseded
305,07100WAR004,Warmbad-Wes,NS-WAR004,key+name,,keep
306,05062HEN003,Hennenman,VS-HEN003,key+name,,keep
307,07097WON003,NG Gemeente Wonderboom-Suid,NS-WON003,key+name,,keep
308,08111BAL001,BALFOUR,HS-BAL001,key-only,,keep
309,01002BEL008,BELLVILLE-WES,WK-BEL008,key+name,,keep
310,07101DOO002,DOORNPOORT,NS-DOO002,key+name,,keep
311,04134NOO004,NOORDKUS,KZ-NOO004,key+name,,keep
312,04136HLU001,HLUHLUWE,KZ-HLU001,key+name,,keep
313,08112PAR004,NG GEMEENTE PARKKRUIN FAMILIEKERK,HS-PAR004,key+name,,keep
314,04133POR017,Port Shepstone,KZ-POR017,key+name,,keep
315,06084ker001,Kerk tussen die Mielielande,GL-KER001,key-only,,keep
316,07087NOO006,NOORDOOS-PRETORIA,NS-NOO006,key+name,,keep
317,06073MEY003,Meyerton,GL-MEY003,key+name,,keep
318,09123MID006,Midrand,OS-MID006,key+name,,keep
319,03047UPI005,NG Kerk Upington Wes,NK-UPI005,key+name,,keep
320,01024WOR006,Worcester-Oos,WK-WOR006,key+name,,keep
321,02027AKG001,ALGOA GEMEENSKAPSKERK,OK-AKG001,key+name,,keep
322,08105WIT006,WITFIELD,HS-WIT006,key+name,,keep
323,03048HAR011,HARTSWATER,NK-HAR011,key+name,,keep
324,01017HEL001,HELDERBERG,WK-HEL001,key+name,,keep
325,02029HOF001,HOFMEYR,OK-HOF001,key+name,,keep
326,08106DAL001,Dalpark,HS-DAL001,key+name,,keep
327,01001FRA004,NG KERK FRASERBURG,WK-FRA004,key+name,,keep
328,08112GRE002,Greydene,HS-GRE002,key-only,,keep
329,01014AGT001,Agter-Paarl,WK-AGT001,key+name,,keep
330,06084DRI002,NG Kerk Drie Riviere-Oos,GL-DRI002,key-only,,keep
331,05067ONZ001,ONZE RUST BLOEMFONTEIN,VS-ONZ001,key+name,,keep
332,01006STE002,Stellenberg,WK-STE002,key+name,,keep
333,01024WOR002,Worcester-Audenberg,WK-WOR002,key+name,,keep
334,06082ROO001,Roodekrans Gemeente,GL-ROO001,key-only,,keep
335,050620HAR00,HARMONIE,VS-HAR002,override,,keep
336,05069mey001,MEYERHOF (BOTHAVILLE),VS-MEY001,key+name,,keep
337,01022THO001,NG GEMEENTE THORNTON,WK-THO001,key+name,,keep
338,06080VEN002,VENTERSDORP,GL-VEN002,key-only,,keep
339,09117WIT009,NG Witrivier,OS-WIT009,key+name,,keep
340,02031STE011,Steytlerville Gemeente,OK-STE011,key-only,,keep
341,07096RUS004,RUSTENBURG-PROTEAPARK,NS-RUS004,key+name,,keep
342,08111NIG003,NG Nigel-Suid,HS-NIG003,key+name,,keep
343,06075FLO005,FLORIDA-SUID,GL-FLO005,key+name,,keep
344,02027KRA003,Kraggakamma,OK-KRA003,key+name,,keep
345,07095PRE003,PRETORIA,NS-PRE003,key+name,,keep
346,02028que001,QUEENSTOWN,OK-QUE001,key+name,,keep
347,02027POR008,N.G Gemeente Port Elizabeth Noord,OK-POR008,key-only,,keep
348,04136pon001,PONGOLA,KZ-PON001,key+name,,keep
349,01011BRA014,BRANDWACHT,WK-BRA014,key+name,,keep
350,01011REE001,REEBOK,WK-REE001,key+name,,keep
351,01025PLU001,PLUMSTEAD,WK-PLU001,key+name,,keep
352,05066ROU001,Rouxville,VS-ROU001,key+name,,keep
353,01001MER003,MERWEVILLE,WK-MER003,key+name,,keep
354,02035POR003,Port Elizabeth Sionsrand,OK-POR003,key+name,,keep
355,09117ALK001,ALKLMAAR,OS-ALK001,key+name,,keep
356,01023SAL001,Saldanha,WK-SAL001,key+name,,keep
357,04135WEE001,WEENEN,KZ-WEE001,key+name,,keep
358,03043NEI001,Neilersdrift,NK-NEI001,key+name,,keep
359,03042ORA001,ORANIA,NK-ORA001,key+name,,keep
360,09119HEN001,NG GEMEENTE HENDRINA,OS-HEN001,key+name,,keep
361,04136ME001,NG MEERENSEE,KZ-MEE001,name-exact,,keep
362,09124LIG002,LIGKRUIS,OS-LIG002,key+name,,keep
363,09127AME001,NG GEMEENTE AMERSFOORT,OS-AME001,key+name,,keep
364,01020ASH001,Ashton,WK-ASH001,key+name,,keep
365,06076SKO001,SKOONSPRUIT,GL-SKO001,key+name,,keep
366,06080POT002,NG GEMEENTE GRIMBEEKPARK,GL-POT002,key-only,,keep
367,01024WOR005,WORCESTER-NOORD,WK-WOR005,key+name,,keep
368,07000KRE001,Kremetart,,unresolved,,keep
369,02034SOM003,SOMERSTRAND,OK-SOM003,key+name,,keep
370,02029MID001,MIDDELBURG-KAROO,OK-MID001,key+name,,keep
371,01022RUY001,RUYTERWACHT,WK-RUY001,key+name,,keep
372,04134PIE007,NG Kerk Pietermaritzburg-Noord,KZ-PIE007,key+name,,keep
373,06077SKE001,SKEERPOORT,GL-SKE001,key+name,,keep
374,2033005003,NG GEMEENTE OOS LONDEN,OK-OOS003,name-exact,,keep
375,07099SUI008,SUIDOOS-PRETORIA (STELLASTRAAT),NS-SUI008,key+name,,keep
376,05065LAD004,Ladybrand Noord,VS-LAD004,key+name,,keep
377,09127WAK001,WAKKERSTROOM,OS-WAK001,key+name,,keep
378,07093HUL001,HULP-EN-HOOP GEMEENSKAPSKERK,NS-HUL001,key+name,,keep
379,NS-PRE004,NG Gemeente Pretoria Dowes,NS-PRE004,key+name,,keep
380,01009GEO002,George-Bergsig,WK-GEO002,key+name,,keep
381,08115STA004,STANDERTON-WES,HS-STA004,key+name,,keep
382,03046VRY004,NG Vryburg Wes,NK-VRY004,key+name,,keep
383,08114WEL010,WELTEVREDEN,HS-WEL010,key+name,,keep
384,09126PRE001,PREMIERMYN,OS-PRE001,key+name,,keep
385,09125LUX001,LUX MUNDI,OS-LUX001,name-exact,,keep
386,09127VOL001,NG Volksrust,OS-VOL001,key-only,,keep
387,09124BEL001,BELFAST,OS-BEL001,key+name,,keep
388,09125PRE006,Pretoria-Garsfontein,OS-PRE006,key+name,,keep
389,05060WES003,NG Wesselsbron,VS-WES003,key-only,,keep
390,05065FOU001,FOURIESBURG,VS-FOU001,key+name,,keep
391,09126SIL001,SILVERTONKRUIN,OS-SIL001,key+name,,keep
392,01016RIV002,RIVERSDAL-WES,WK-RIV002,key+name,,keep
393,02033STU003,Stutterheim,OK-STU003,key+name,,keep
394,01024WOR003,WORCESTER-BRANDWAG,WK-WOR003,key+name,,keep
395,09118PRE008,PRETORIA-OOSTERLIG,OS-PRE008,key+name,,keep
396,09121TZA002,TZANEEN WOLKBERG,OS-TZA002,key+name,,keep
397,01014SUI004,SUIDER-PAARL,WK-SUI004,key+name,,keep
398,06085KOS001,Koster,GL-KOS001,key+name,,keep
399,07100NYL002,NGK Nylstroom-oos,NS-NYL002,key+name,,keep
400,04136PAU002,PAULPIETERSBURG,KZ-PAU002,key+name,,keep
401,01016VAN014,VANWYKSDORP,WK-VAN014,key+name,,keep
402,05069KRO009,NG KROONSTAD-SUID,VS-KRO009,key+name,,keep
403,05062VEN001,VENTERSBURG,VS-VEN001,key+name,,keep
404,05063COR002,Cornelia,VS-COR002,key+name,,keep
405,VS-CLA003,CLARENS,VS-CLA003,key+name,,keep
406,01017SUI005,SUIDER-STRAND,WK-SUI005,key+name,,keep
407,01019WEL009,WELLINGTON-OOS,WK-WEL009,key+name,,keep
408,05067FIC002,Fichardtpark (Bloemfontein),VS-FIC002,key+name,,keep
409,02029CRA001,CRADOCK,OK-CRA001,key+name,,keep
410,01022MON005,MONTEVISTA,WK-MON005,key+name,,keep
411,06076STI002,STILFONTEIN,GL-STI002,key+name,,keep
412,1,NG Gemeente Vryheid,KZ-VRY005,override,,keep
413,05068PAR018,PARYS OOS,VS-PAR018,key+name,,keep
414,05059BOS001,NG KERK BOSHOF,VS-BOS001,key+name,,keep
415,03043KAN002,Kanoneiland,NK-KAN002,key+name,,keep
416,01003HEI001,Heidekoppie,WK-HEI001,key+name,,keep
417,07097PIE001,PIERNEEF,NS-PIE001,key+name,,keep
418,GS-VAN006,VANDERBIJLPARK-WES,GL-VAN006,key+name,,keep
419,01012POF001,POFADDER,WK-POF001,key+name,,keep
420,07093MAR007,Marken,NS-MAR007,key+name,,keep
421,08112KEN003,Kensington,HS-KEN003,key+name,,keep
422,05057PAU001,PAUL ROUX,VS-PAU001,key+name,,keep
423,09121LAE001,LAEVELD,OS-LAE001,key+name,,keep
424,05057BET008,NG Gemeente Bethlehem-Noord,VS-BET008,override,,keep
425,08108DEL005,DELMAS-WES,HS-DEL005,key+name,,keep
426,01002LA001,LAROCHELLE,WK-LA001,name-fuzzy,,keep
427,08105BOK004,BOKSBURGPARK,HS-BOK004,key+name,,keep
428,02034POR002,PORT ELIZABETH,OK-POR002,key+name,,keep
429,02035SYD001,SYDENHAM (PORT ELIZABETH),OK-SYD001,key+name,,keep
430,05061PHI002,Philippolis NG Gemeente,VS-PHI002,key-only,,keep
431,KZ-MAR004,N G Margate,KZ-MAR004,key-only,,keep
432,09128KR1001,KRIELPARK,OS-KRI001,name-exact,,keep
433,09112OHR001,OHRIGSTAD,OS-OHR001,key+name,,keep
434,08104KEM001,Kempton-Hoogland,HS-KEM001,key+name,,keep
435,08111REN002,NG RENSBURG,HS-REN002,key+name,,keep
436,08114RAN001,Randburg,HS-RAN001,key+name,,keep
437,03043KEI001,KEIMOES,NK-KEI001,key+name,,keep
438,WK-KLA001,NG KERK KLAWER,WK-KLA001,key+name,,keep
439,05071WEL005,WELKOM-SUID,VS-WEL005,key+name,,keep
440,08105BOK006,NG BOKSBURG-WES GEMEENTE,HS-BOK006,key-only,,keep
441,V01,NGK Gamtoosvallei Kwagga,,unresolved,,keep
442,09117KRU005,NG Kerk Krugerwildtuin/ Krugerwildtuin Gemeenskapskerk,OS-KRU005,key-only,,keep
443,07089MES001,MESSINA,NS-MES001,key+name,,keep
444,05061FAU002,Fauresmith,VS-FAU002,key+name,,keep
445,02037UIT003,UITENHAGE-NOORD,OK-UIT003,key+name,,keep
446,V01,N G GEMEENTE ROOSSENEKAL,OS-ROO006,name-exact,,keep
447,05068par017,PARYS,VS-PAR017,key+name,,keep
448,03040BAR002,BARKLY-WES,NK-BAR002,key+name,,keep
449,03046REI005,REIVILO,NK-REI005,key+name,,keep
450,03045PIE004,PIET PLESSIS,NK-PIE004,key+name,,keep
451,05069KRO010,Kroonstad-Wes,VS-KRO010,key+name,,keep
452,01016RIV001,RIVERSDAL,WK-RIV001,key+name,,keep
453,03047GRO005,NG Kerk Grootdrink,NK-GRO005,key+name,,keep
454,04135UTR001,UTRECHT,KZ-UTR001,key+name,,keep
455,GL-ZEE001,NG Kerk Zeerust,GL-ZEE001,key+name,,keep
456,05062RIE003,RIEBEECKSTAD-ERFDEEL WELKOM,VS-RIE003,key+name,,keep
457,03047ASK001,ASKHAM-NOENIEPUT,NK-ASK001,key+name,,keep
458,01006DUR006,Durbanville-Bergsig,WK-DUR006,key+name,,keep
459,03047UPI004,UPINGTON-OOS,NK-UPI004,key+name,,keep
460,06074DEL002,Delareyville,GL-DEL002,key+name,,keep
461,04134PIE00,Pietermaritzburg,KZ-PIE006,name-exact,,keep
462,03047GRO002,GROBLERSHOOP,NK-GRO002,key+name,,keep
463,01008BLO009,BLOUBERGSTRAND,WK-BLO009,key+name,,keep
464,01022PAR010,Parow-Panorama,WK-PAR010,key+name,,keep
465,01025WYN00,N.G. KERL WYNBERG,WK-WYN001,override,,keep
466,01005NIE004,Nieuwoudtville,WK-NIE004,key+name,,keep
467,08102ALB005,NGK Alberton-Suid,HS-ALB005,key+name,,keep
468,07096RUS003,RUSTENBURG-BERGSIG,NS-RUS003,key+name,,keep
469,06076HAR007,HARTEBEESTFONTEIN,GL-HAR007,key+name,,keep
470,01024TOU00,TOUWSRIVIER,WK-TOU001,name-exact,,keep
471,04113NEW004,Drakensberg Vallei,KZ-NEW004,key-only,,keep
472,NS-SAN001,NG SANDDRIFT,NS-SAN001,key+name,,keep
473,01006PHI001,,WK-PHI001,override,,superseded
474,01006PHI001,NG KERK PHILADELPHIA,WK-PHI001,override,,keep
475,01012POF001,Pofadder,WK-POF001,key+name,,superseded
476,03040DOU001,NG Kerk Douglas,NK-DOU001,key+name,,keep
477,01020VAN009,VANDERMERWE,WK-VAN009,key+name,,keep
478,06073MEY005,NG Meyertonpark,GL-MEY005,key+name,,keep
479,01013OUD001,OUDTSHOORN,WK-OUD001,key+name,,keep
480,0102BAR004,BARRYDALE,WK-BAR004,key+name,,keep
481,V01,Miederpark Gemeente,GL-POT004,override,,keep
482,05064REI001,NG GEMEENTE REITZ,VS-REI001,key+name,,keep
483,01009PLE001,Plettenbergbaai,WK-PLE001,key+name,,keep
484,WK-SWA004,NG Gemeente Swartland Noord,WK-SWA004,key+name,,keep
485,01001PRI006,Prins Albert,WK-PRI006,key+name,,keep
486,01023LAN000,LANGEBAAN,WK-LAN001,name-exact,,keep
487,01011HER001,Herbertsdale,WK-HER001,key+name,,keep
488,02026FOR002,NG Kerk  Fort Beaufort  Gemeente se naam: FORTBEAUFORT,OK-FOR002,key-only,,keep
489,02026GSE001,N G Kerk Glen Lynden,OK-GLE001,name-exact,,keep
490,V01,NG Kerk Panorama Bethlehem,VS-BET011,override,,keep
491,05060HOO01,NG Kerk Hoopstad,VS-HOO001,key+name,,keep
492,02026ADE001,Adelaide,OK-ADE001,key+name,,keep
493,03048Jan001,Jan Kempdorp,NK-JAN001,key+name,,keep
494,8109560001,NG Gemeente Secunda ( Rondekerk),HS-SEC001,name-exact,,keep
495,01006SON007,Sonstraal,WK-SON007,key+name,,keep
496,09125PIE003,PIERRE VAN RYNEVELD,OS-PIE003,key+name,,keep
497,01014SIM002,NG Gemeente Simondium,WK-SIM002,key+name,,keep
498,01008KAA001,Kaapstad,WK-KAA001,key+name,,keep
499,07088MAR006,Buffelsrivier,OK-BUF002,override,,keep
500,03041PET003,UITSIG PETRUSVILLE,NK-PET003,key-only,,keep
501,01025RON001,RONDEBOSCH,WK-RON001,key+name,,keep
502,WK-BEA002,Beuafort-Wes,WK-BEA002,key+name,,keep
503,01023LAA001,LAAIPLEK,WK-LAA001,key+name,,keep
504,01008DRI003,DRIEANKERBAAI,WK-DRI003,key+name,,keep
505,03043AUG001,AUGRABIES,NK-AUG001,key+name,,keep
506,01006KRA00,Kraaifontein,WK-KRA001,name-exact,,keep
507,01002BEL005,BELLVILLE-RIEBEECK,WK-BEL005,key-only,,keep
508,06076STI003,STILFONTEIN-SENTRAAL,GL-STI003,key+name,,keep
509,09117HAZ001,HAZYVIEW,OS-HAZ001,key+name,,keep
510,01004RIV004,RIVIERSONDEREND,WK-RIV004,key+name,,keep
511,01017STR001,Strand (Die),WK-STR001,key+name,,keep
512,09124MAR001,Ned Geref kerk Marble Hall,OS-MAR001,key-only,,keep
513,05070BAI001,NG KERK BAINSVLEI (BLOEMFONTEIN),VS-BAI001,key+name,,keep
514,08116KIB001,KIBLERPARK,HS-KIB001,key+name,,keep
515,06073OLY001,NG KERK MEYERTON SUID - OLYFDAL,GL-OLY001,key-only,,keep
516,01012GAR002,Garies,WK-GAR002,key+name,,keep
517,,NG Gemeente Krugersdorp Noord,GL-KRU001,name-exact,,keep
518,01022PAR015,Parow-Welgelegen,WK-PAR015,key+name,,keep
519,2033005005,Oos-Londen Wesheuwels,OK-OOS005,name-exact,,keep
520,01022PAR013,PAROWVALLEI-OOS,WK-PAR013,key+name,,keep
521,08104EDL001,Edleen,HS-EDL001,key+name,,keep
522,08103KEM006,NG KEMPTONPARK-OOS,HS-KEM006,key+name,,keep
523,01019DAR001,Darling/Yzerfontein,WK-DAR001,key+name,,keep
524,02028JAM001,Jamestown,OK-JAM001,key+name,,keep
525,01004NA9001,NAPIER,WK-NAP001,name-exact,,keep
526,02029COL001,COLESBERG,OK-COL001,key+name,,keep
527,06072SCH004,NG Kerk Schweizer-Reneke-Noord,GL-SCH004,key+name,,keep
528,01024LAI001,LAINGSBURG,WK-LAI001,key+name,,keep
529,02028BUR001,BURGERSDORP,OK-BUR001,key+name,,keep
530,01019RIE006,Riebeek-Wes,WK-RIE006,key+name,,keep
531,05057BET012,Bethlehem - Wes,VS-BET012,key+name,,keep
532,07092PIE010,PIETERSBURG,NS-PIE010,key+name,,keep
533,01012POR016,Port Nolloth,WK-POR016,key+name,,keep
534,0103OUD003,Oudtshoorn - Noord,WK-OUD003,key+name,,keep
535,02035POR011,PORT ELIZABETH-SHERWOOD,OK-POR011,key+name,,keep
536,03038CAR003,Carnarvon,NK-CAR003,key+name,,keep
537,09126TYG002,Tygerpoort,OS-TYG002,key+name,,keep
538,06072BLO005,BLOEMHOF,GL-BLO005,key+name,,keep
539,01025PIN001,Pinelands,WK-PIN001,key+name,,keep
540,09119ERM001,NG Ermelo,OS-ERM001,key+name,,keep
541,08115STA002,Standerton,HS-STA002,key+name,,keep
542,01007HER004,HEROLD,WK-HER004,key+name,,keep
543,02026SOM001,SOMERSET-OOS,OK-SOM001,key+name,,keep
544,01020MON002,Montagu,WK-MON002,key+name,,keep
545,01020ROB001,Robertson,WK-ROB001,key+name,,keep
546,01017STR002,NG Strand-Noord,WK-STR002,key+name,,keep
547,05071WEL003,NG Kerk Welkom Moedergemeente,VS-WEL003,key-only,,keep
548,WON001,NG Wonderboom,NS-WON001,key+name,,keep
549,05063VRE008,VREDE-WES,VS-VRE008,key+name,,keep
550,V01,NG Kerk Eendekuil,WK-EEN001,name-exact,,keep
551,06072WOL001,NG GEMEENTE WOLMARANSSTAD,GL-WOL001,key+name,,keep
552,07089SOU003,Soutpansberg,NS-SOU003,key+name,,keep
553,05058SOU002,NG Gemeente Soutpan,VS-SOU002,key+name,,keep
554,07086WES001,N G KERK WESMOOT,NS-WES001,key+name,,keep
555,01015KOR00,KORINGBERG,WK-KOR001,name-exact,,keep
556,05062VIR001,NG Kerk Virginia,VS-VIR001,key+name,,keep
557,NGKLYTOOS,NG KERK LYTTELTON OOS t/a VOETSPORE GEMEENSKAPSKERK,OS-LYT003,override,,keep
558,06076KLE005,NG La Hoff - Klerksdorp,GL-KLE005,key-only,,keep
559,04133DUR007,Durban/Berea/Escombe,KZ-DUR007,key-only,,superseded
560,06082HOR001,Horison,GL-HOR001,key-only,,keep
561,03048TAD001,Tadcaster,NK-TAD001,key+name,,keep
562,05059HEU001,NG Heuwelkruin,VS-HEU001,key-only,,keep
563,02037SON002,Sondagsriviermond,OK-SON002,key+name,,keep
564,08106BRA007,NG Kerk Brakpan Noord,HS-BRA007,key+name,,keep
565,03038CAR003,NG Carnarvon,NK-CAR003,key+name,,superseded
566,02029COL001,NG Colesberg,OK-COL001,key+name,,superseded
567,06078COL003,NG Coliqny-Oos,GL-COL003,key+name,,keep
568,01014PAR007,Parow Noord,WK-PAR007,key+name,,keep
569,06083OOS006,NG Oospark,GL-OOS006,key+name,,keep
570,07095SA001,SA Gemeente Londen,NS-SA001,override,,keep
571,04133SCO001,SCOTTBURGH,KZ-SCO001,key+name,,keep
572,04134PIN002,Pinetown,KZ-PIN002,key+name,,superseded
573,02030CLE001,Clearview,OK-CLE001,key+name,,keep
574,07095MON008,Monumentpark-Wes NG Kerk,NS-MON008,key-only,,keep
575,02032JEF001,NG Gemeente Jeffreysbaai,OK-JEF001,key+name,,keep
576,08110PRI004,NG Primrose Oos,HS-PRI004,key+name,,keep
577,06085NIE002,Nietverdriend,GL-NIE002,key+name,,keep
578,07100ELL002,Ellisras-Wes,NS-ELL002,key+name,,keep
579,02030UGI001,Ugie NG Kerk,OK-UGI001,key-only,,keep
580,09122SIM001,Simile,WK-SIM001,key-only,,keep
581,02032GAM004,Gamtoosvallei-Oos,OK-GAM004,key+name,,keep
582,05061SPR002,Springfontuin,VS-SPR002,key+name,,keep
583,03039KAT001,NG Kathu,NK-KAT001,key+name,,keep
584,06072MAK001,NG Makwassie,GL-MAK001,key+name,,keep
585,01012AGG001,Aggeneys,WK-AGG001,key+name,,keep
586,05071BED001,NG Bedelia,VS-BED001,key-only,,keep
587,05067BLO007,NG Bloemvallei,VS-BLO007,key+name,,keep
588,05058BRA012,Ng Gemeente Brandfort Oos,VS-BRA012,key+name,,keep
589,01021CER001,Ceres Moedergemeente,WK-CER001,key-only,,keep
590,07101OVE001,NG Gemeente Overkruin,NS-OVE001,key+name,,keep
591,0506RIE002,Riebeeckstad Welkom,VS-RIE002,key+name,,keep
592,02034PAR002,Parkheuwel,OK-PAR002,key+name,,keep
593,06082WIL003,Wilgespruit,GL-WIL003,key+name,,keep
594,09124DEN003,Dennesig,OS-DEN003,key+name,,keep
595,04133DUR007,Durban Wes,KZ-DUR007,key+name,,superseded
596,02027GRA006,Grasvoëlkop,OK-GRA006,key+name,,keep
597,01012KAM004,Kanieskroon,WK-KAM004,key+name,,keep
598,03043KEN001,Kenhardt,NK-KEN001,key+name,,keep
599,09123KLO002,Kloofsig,OS-KLO002,key+name,,keep
600,05061LUC001,Luckhoff,VS-LUC001,key+name,,keep
601,09124MID002,NG Gemeente Middelburg Tvl,OS-MID002,key+name,,keep
602,04136MTU002,Mtubatuba,KZ-MTU002,key+name,,keep
603,06078LIC004,Lichtenburg,GL-LIC004,key+name,,keep
604,08111NIG001,Ng Kerk Nigel (Moedergemente),HS-NIG001,key+name,,keep
605,03048NOO002,NG Kerk Noorderhurts,NK-NOO002,key+name,,keep
606,08104NOR001,Norkem Poel,HS-NOR001,key-only,,keep
607,05060RIE008,Rietfontein,VS-RIE008,key-only,,keep
608,07098ROO005,Rooihuiskraal,NS-ROO005,key+name,,keep
609,09122SAB001,NG Kerk Sabie,OS-SAB001,key+name,,keep
610,05068SAS004,Sasolburg-Fontein,VS-SAS004,key+name,,keep
611,06072SCH003,Schweizer-Reneke,GL-SCH003,key+name,,keep
612,02028VEN004,Venterstad,OK-VEN004,key+name,,keep
613,07086WON002,Wonderboompoort,NS-WON002,key+name,,keep
614,06081WES007,Westonaria,GL-WES007,key+name,,keep
615,02031NIE003,NG Gemeente Nieu-Bethesda,OK-NIE003,key+name,,keep
616,02028LAD002,NG Kerk Lady Grey,OK-LAD002,key+name,,keep
617,01009KNY001,NG Kerk Knysna,WK-KNY001,key+name,,keep
618,09121KAM005,Kampersrus,OS-KAM005,key+name,,keep
619,01018STE005,Stellenbosch Sentraal Gemeente (Jesus Sentraal),WK-STE005,key-only,,keep
620,04133DUR007,Durban Wes,KZ-DUR007,key+name,,keep
621,0505SOU002,NG Gemeente Soutpan,VS-SOU002,key+name,,superseded
622,01004VIL006,NG Kerk Villiersdorp,WK-VIL006,key+name,,keep
623,01008YST001,Ysterplaat,WK-YST001,key-only,,keep
624,02031JAN003,Jansenville,OK-JAN003,key+name,,keep
625,06079CAR001,Carletonville,GL-CAR001,key+name,,keep
626,03041PET002,Petrusville,NK-PET002,name-exact,,keep
627,01085SON006,Sonnekus Gemeente,WK-SON006,key-only,,keep
628,04134GRE004,Greytown,KZ-GRE004,key+name,,keep
629,04133DUR003,Durban Oos,KZ-DUR003,key+name,,keep
630,06084SUI010,Suikerbos,GL-SUI010,key+name,,keep
631,4133514006,Suidkus,KZ-SUI006,name-exact,,keep
632,01005LEI001,Leipoldtville,WK-LEI001,key+name,,keep
633,06083OOS007,NG OOSTERLIG VANDERBIJLPARK,GL-OOS007,key+name,,keep
634,01023STH001,ST HELENABAAI,WK-STH001,name-exact,,keep
635,07086MOO003,Mootvallei,NS-MOO003,key+name,,keep
636,01002WEL002,WELGEMOED,WK-WEL002,key+name,,keep
637,03044KIM001,NG Gemeente Kimberley,NK-KIM001,key+name,,keep
638,07094WON004,Wonderpark,NS-WON004,key+name,,keep
639,VS-VIE001,Vierfontein,VS-VIE001,key+name,,keep
640,01023VEL001,NG GEMEENTE VELDDRIF,WK-VEL001,key+name,,keep
641,05057LIN003,Lindley,VS-LIN003,key+name,,keep
642,EB0519,VOLMOED,WK-VOL003,name-exact,,keep
643,07098THE001,The Reeds,NS-THE001,key+name,,keep
644,05063MEM001,Memel,VS-MEM001,key+name,,keep
645,06075CON002,Constantiakruin,GL-CON002,key+name,,keep
646,09121PHA001,Phalaborwa,OS-PHA001,key+name,,keep
647,VSLAD003,Ladybrand,VS-LAD003,key+name,,keep
648,02030CLE001,Maclear,OK-MAC002,override,,keep
649,05069VIL002,Viljoenskroon,VS-VIL002,key+name,,keep
650,020295STE09,Steynsburg,OK-STE009,key+name,,keep
651,07095PRE007,Pretoria-Oos (Ooskerk),NS-PRE007,key+name,,keep
652,03047LOU002,Louisvale,NK-LOU002,key+name,,keep
653,01005LOE002,Loeriesfontein,WK-LOE002,key+name,,keep
654,07090MAR008,Marondera-Rusape,NS-MAR008,key-only,,keep
655,07096RUS005,Rustenburg-Suid,NS-RUS005,key+name,,keep
656,06074BOS002,Bospoort,GL-BOS002,key+name,,keep
657,06074BOS002,Bospoort,GL-BOS002,key+name,,superseded
